{"_format":"","paths":{"artifacts":"out","build_infos":"out/build-info","sources":"src","tests":"test","scripts":"script","libraries":["lib","node_modules"]},"files":{"lib/forge-std/src/Base.sol":{"lastModificationDate":1733053293694,"contentHash":"ee13c050b1914464f1d3f90cde90204b","sourceName":"lib/forge-std/src/Base.sol","imports":["lib/forge-std/src/StdStorage.sol","lib/forge-std/src/Vm.sol"],"versionRequirement":">=0.6.2, <0.9.0","artifacts":{"CommonBase":{"0.8.28":{"default":{"path":"Base.sol/CommonBase.json","build_id":"0018bf49c3a74215f1ab2d101b92c57c"}}},"ScriptBase":{"0.8.28":{"default":{"path":"Base.sol/ScriptBase.json","build_id":"0018bf49c3a74215f1ab2d101b92c57c"}}},"TestBase":{"0.8.28":{"default":{"path":"Base.sol/TestBase.json","build_id":"0018bf49c3a74215f1ab2d101b92c57c"}}}},"seenByCompiler":true},"lib/forge-std/src/StdAssertions.sol":{"lastModificationDate":1733053293695,"contentHash":"25b77f9806b64d497b8a46aeb8e5f6f0","sourceName":"lib/forge-std/src/StdAssertions.sol","imports":["lib/forge-std/src/Vm.sol"],"versionRequirement":">=0.6.2, <0.9.0","artifacts":{"StdAssertions":{"0.8.28":{"default":{"path":"StdAssertions.sol/StdAssertions.json","build_id":"0018bf49c3a74215f1ab2d101b92c57c"}}}},"seenByCompiler":true},"lib/forge-std/src/StdChains.sol":{"lastModificationDate":1733053293695,"contentHash":"b039727c96bb3d5b9a59448fd16b1e0f","sourceName":"lib/forge-std/src/StdChains.sol","imports":["lib/forge-std/src/Vm.sol"],"versionRequirement":">=0.6.2, <0.9.0","artifacts":{"StdChains":{"0.8.28":{"default":{"path":"StdChains.sol/StdChains.json","build_id":"0018bf49c3a74215f1ab2d101b92c57c"}}}},"seenByCompiler":true},"lib/forge-std/src/StdCheats.sol":{"lastModificationDate":1733053293695,"contentHash":"96c712134b63f85d00461749d0c1611c","sourceName":"lib/forge-std/src/StdCheats.sol","imports":["lib/forge-std/src/StdStorage.sol","lib/forge-std/src/Vm.sol","lib/forge-std/src/console.sol","lib/forge-std/src/console2.sol"],"versionRequirement":">=0.6.2, <0.9.0","artifacts":{"StdCheats":{"0.8.28":{"default":{"path":"StdCheats.sol/StdCheats.json","build_id":"0018bf49c3a74215f1ab2d101b92c57c"}}},"StdCheatsSafe":{"0.8.28":{"default":{"path":"StdCheats.sol/StdCheatsSafe.json","build_id":"0018bf49c3a74215f1ab2d101b92c57c"}}}},"seenByCompiler":true},"lib/forge-std/src/StdError.sol":{"lastModificationDate":1733053293696,"contentHash":"64c896e1276a291776e5ea5aecb3870a","sourceName":"lib/forge-std/src/StdError.sol","imports":[],"versionRequirement":">=0.6.2, <0.9.0","artifacts":{"stdError":{"0.8.28":{"default":{"path":"StdError.sol/stdError.json","build_id":"0018bf49c3a74215f1ab2d101b92c57c"}}}},"seenByCompiler":true},"lib/forge-std/src/StdInvariant.sol":{"lastModificationDate":1733053293696,"contentHash":"f16837d0e7cb829544ae1f1319ea7643","sourceName":"lib/forge-std/src/StdInvariant.sol","imports":[],"versionRequirement":">=0.6.2, <0.9.0","artifacts":{"StdInvariant":{"0.8.28":{"default":{"path":"StdInvariant.sol/StdInvariant.json","build_id":"0018bf49c3a74215f1ab2d101b92c57c"}}}},"seenByCompiler":true},"lib/forge-std/src/StdJson.sol":{"lastModificationDate":1733053293696,"contentHash":"02209da5708eaee03e24a9c24a687370","sourceName":"lib/forge-std/src/StdJson.sol","imports":["lib/forge-std/src/Vm.sol"],"versionRequirement":">=0.6.0, <0.9.0","artifacts":{"stdJson":{"0.8.28":{"default":{"path":"StdJson.sol/stdJson.json","build_id":"0018bf49c3a74215f1ab2d101b92c57c"}}}},"seenByCompiler":true},"lib/forge-std/src/StdMath.sol":{"lastModificationDate":1733053293696,"contentHash":"9da8f453eba6bb98f3d75bc6822bfb29","sourceName":"lib/forge-std/src/StdMath.sol","imports":[],"versionRequirement":">=0.6.2, <0.9.0","artifacts":{"stdMath":{"0.8.28":{"default":{"path":"StdMath.sol/stdMath.json","build_id":"0018bf49c3a74215f1ab2d101b92c57c"}}}},"seenByCompiler":true},"lib/forge-std/src/StdStorage.sol":{"lastModificationDate":1733053293696,"contentHash":"ce68f6e336944f16d31351a47d0b19b8","sourceName":"lib/forge-std/src/StdStorage.sol","imports":["lib/forge-std/src/Vm.sol"],"versionRequirement":">=0.6.2, <0.9.0","artifacts":{"stdStorage":{"0.8.28":{"default":{"path":"StdStorage.sol/stdStorage.json","build_id":"0018bf49c3a74215f1ab2d101b92c57c"}}},"stdStorageSafe":{"0.8.28":{"default":{"path":"StdStorage.sol/stdStorageSafe.json","build_id":"0018bf49c3a74215f1ab2d101b92c57c"}}}},"seenByCompiler":true},"lib/forge-std/src/StdStyle.sol":{"lastModificationDate":1733053293696,"contentHash":"6281165a12aa639705c691fccefd855e","sourceName":"lib/forge-std/src/StdStyle.sol","imports":["lib/forge-std/src/Vm.sol"],"versionRequirement":">=0.4.22, <0.9.0","artifacts":{"StdStyle":{"0.8.28":{"default":{"path":"StdStyle.sol/StdStyle.json","build_id":"0018bf49c3a74215f1ab2d101b92c57c"}}}},"seenByCompiler":true},"lib/forge-std/src/StdToml.sol":{"lastModificationDate":1733053293696,"contentHash":"4bce85a4c60f2c073e651ee8140bcb4d","sourceName":"lib/forge-std/src/StdToml.sol","imports":["lib/forge-std/src/Vm.sol"],"versionRequirement":">=0.6.0, <0.9.0","artifacts":{"stdToml":{"0.8.28":{"default":{"path":"StdToml.sol/stdToml.json","build_id":"0018bf49c3a74215f1ab2d101b92c57c"}}}},"seenByCompiler":true},"lib/forge-std/src/StdUtils.sol":{"lastModificationDate":1733053293696,"contentHash":"b50717f17f251a2a96a5884c90add7bf","sourceName":"lib/forge-std/src/StdUtils.sol","imports":["lib/forge-std/src/Vm.sol","lib/forge-std/src/interfaces/IERC165.sol","lib/forge-std/src/interfaces/IERC20.sol","lib/forge-std/src/interfaces/IERC721.sol","lib/forge-std/src/interfaces/IMulticall3.sol","lib/forge-std/src/mocks/MockERC20.sol","lib/forge-std/src/mocks/MockERC721.sol"],"versionRequirement":">=0.6.2, <0.9.0","artifacts":{"StdUtils":{"0.8.28":{"default":{"path":"StdUtils.sol/StdUtils.json","build_id":"0018bf49c3a74215f1ab2d101b92c57c"}}}},"seenByCompiler":true},"lib/forge-std/src/Test.sol":{"lastModificationDate":1733053293696,"contentHash":"b6f15605355fc8c421fe42a90f94bf32","sourceName":"lib/forge-std/src/Test.sol","imports":["lib/forge-std/src/Base.sol","lib/forge-std/src/StdAssertions.sol","lib/forge-std/src/StdChains.sol","lib/forge-std/src/StdCheats.sol","lib/forge-std/src/StdError.sol","lib/forge-std/src/StdInvariant.sol","lib/forge-std/src/StdJson.sol","lib/forge-std/src/StdMath.sol","lib/forge-std/src/StdStorage.sol","lib/forge-std/src/StdStyle.sol","lib/forge-std/src/StdToml.sol","lib/forge-std/src/StdUtils.sol","lib/forge-std/src/Vm.sol","lib/forge-std/src/console.sol","lib/forge-std/src/console2.sol","lib/forge-std/src/interfaces/IERC165.sol","lib/forge-std/src/interfaces/IERC20.sol","lib/forge-std/src/interfaces/IERC721.sol","lib/forge-std/src/interfaces/IMulticall3.sol","lib/forge-std/src/mocks/MockERC20.sol","lib/forge-std/src/mocks/MockERC721.sol","lib/forge-std/src/safeconsole.sol"],"versionRequirement":">=0.6.2, <0.9.0","artifacts":{"Test":{"0.8.28":{"default":{"path":"Test.sol/Test.json","build_id":"0018bf49c3a74215f1ab2d101b92c57c"}}}},"seenByCompiler":true},"lib/forge-std/src/Vm.sol":{"lastModificationDate":1733053293743,"contentHash":"707e31ca7be04756b2a1b853d9c110ac","sourceName":"lib/forge-std/src/Vm.sol","imports":[],"versionRequirement":">=0.6.2, <0.9.0","artifacts":{"Vm":{"0.8.28":{"default":{"path":"Vm.sol/Vm.json","build_id":"0018bf49c3a74215f1ab2d101b92c57c"}}},"VmSafe":{"0.8.28":{"default":{"path":"Vm.sol/VmSafe.json","build_id":"0018bf49c3a74215f1ab2d101b92c57c"}}}},"seenByCompiler":true},"lib/forge-std/src/console.sol":{"lastModificationDate":1733053293697,"contentHash":"ce19a9e49945b42118379ff99d853c05","sourceName":"lib/forge-std/src/console.sol","imports":[],"versionRequirement":">=0.4.22, <0.9.0","artifacts":{"console":{"0.8.28":{"default":{"path":"console.sol/console.json","build_id":"0018bf49c3a74215f1ab2d101b92c57c"}}}},"seenByCompiler":true},"lib/forge-std/src/console2.sol":{"lastModificationDate":1733053293697,"contentHash":"f65ad21034b111e70fb5342d5771efcd","sourceName":"lib/forge-std/src/console2.sol","imports":["lib/forge-std/src/console.sol"],"versionRequirement":">=0.4.22, <0.9.0","artifacts":{},"seenByCompiler":true},"lib/forge-std/src/interfaces/IERC165.sol":{"lastModificationDate":1733053293697,"contentHash":"90fe5e2e3ed432d6f3b408e7c9e8a739","sourceName":"lib/forge-std/src/interfaces/IERC165.sol","imports":[],"versionRequirement":">=0.6.2","artifacts":{"IERC165":{"0.8.28":{"default":{"path":"IERC165.sol/IERC165.json","build_id":"0018bf49c3a74215f1ab2d101b92c57c"}}}},"seenByCompiler":true},"lib/forge-std/src/interfaces/IERC20.sol":{"lastModificationDate":1733053293698,"contentHash":"8099161d518e5862a76750349d58e801","sourceName":"lib/forge-std/src/interfaces/IERC20.sol","imports":[],"versionRequirement":">=0.6.2","artifacts":{"IERC20":{"0.8.28":{"default":{"path":"interfaces/IERC20.sol/IERC20.json","build_id":"0018bf49c3a74215f1ab2d101b92c57c"}}}},"seenByCompiler":true},"lib/forge-std/src/interfaces/IERC721.sol":{"lastModificationDate":1733053293698,"contentHash":"efc26e7f9a2f76b68088c8760ceae2dc","sourceName":"lib/forge-std/src/interfaces/IERC721.sol","imports":["lib/forge-std/src/interfaces/IERC165.sol"],"versionRequirement":">=0.6.2","artifacts":{"IERC721":{"0.8.28":{"default":{"path":"IERC721.sol/IERC721.json","build_id":"0018bf49c3a74215f1ab2d101b92c57c"}}},"IERC721Enumerable":{"0.8.28":{"default":{"path":"IERC721.sol/IERC721Enumerable.json","build_id":"0018bf49c3a74215f1ab2d101b92c57c"}}},"IERC721Metadata":{"0.8.28":{"default":{"path":"IERC721.sol/IERC721Metadata.json","build_id":"0018bf49c3a74215f1ab2d101b92c57c"}}},"IERC721TokenReceiver":{"0.8.28":{"default":{"path":"IERC721.sol/IERC721TokenReceiver.json","build_id":"0018bf49c3a74215f1ab2d101b92c57c"}}}},"seenByCompiler":true},"lib/forge-std/src/interfaces/IMulticall3.sol":{"lastModificationDate":1733053293698,"contentHash":"7b131ca1ca32ef6378b7b9ad5488b901","sourceName":"lib/forge-std/src/interfaces/IMulticall3.sol","imports":[],"versionRequirement":">=0.6.2, <0.9.0","artifacts":{"IMulticall3":{"0.8.28":{"default":{"path":"IMulticall3.sol/IMulticall3.json","build_id":"0018bf49c3a74215f1ab2d101b92c57c"}}}},"seenByCompiler":true},"lib/forge-std/src/mocks/MockERC20.sol":{"lastModificationDate":1733053293698,"contentHash":"8e14d63e81e1d54dbc2d44df38ae9dec","sourceName":"lib/forge-std/src/mocks/MockERC20.sol","imports":["lib/forge-std/src/interfaces/IERC20.sol"],"versionRequirement":">=0.6.2, <0.9.0","artifacts":{"MockERC20":{"0.8.28":{"default":{"path":"MockERC20.sol/MockERC20.json","build_id":"0018bf49c3a74215f1ab2d101b92c57c"}}}},"seenByCompiler":true},"lib/forge-std/src/mocks/MockERC721.sol":{"lastModificationDate":1733053293698,"contentHash":"e91cd9dba7f88f03710c56a347d89d1e","sourceName":"lib/forge-std/src/mocks/MockERC721.sol","imports":["lib/forge-std/src/interfaces/IERC165.sol","lib/forge-std/src/interfaces/IERC721.sol"],"versionRequirement":">=0.6.2, <0.9.0","artifacts":{"MockERC721":{"0.8.28":{"default":{"path":"MockERC721.sol/MockERC721.json","build_id":"0018bf49c3a74215f1ab2d101b92c57c"}}}},"seenByCompiler":true},"lib/forge-std/src/safeconsole.sol":{"lastModificationDate":1733053293698,"contentHash":"1445aa2f47000e212173e0cefd6c7a77","sourceName":"lib/forge-std/src/safeconsole.sol","imports":[],"versionRequirement":">=0.6.2, <0.9.0","artifacts":{"safeconsole":{"0.8.28":{"default":{"path":"safeconsole.sol/safeconsole.json","build_id":"0018bf49c3a74215f1ab2d101b92c57c"}}}},"seenByCompiler":true},"node_modules/@chainlink/contracts/src/v0.8/shared/interfaces/AggregatorV3Interface.sol":{"lastModificationDate":1733161153087,"contentHash":"64a3f906dc7696aa3c9fa8454b673be7","sourceName":"node_modules/@chainlink/contracts/src/v0.8/shared/interfaces/AggregatorV3Interface.sol","imports":[],"versionRequirement":"^0.8.0","artifacts":{"AggregatorV3Interface":{"0.8.28":{"default":{"path":"AggregatorV3Interface.sol/AggregatorV3Interface.json","build_id":"0018bf49c3a74215f1ab2d101b92c57c"}}}},"seenByCompiler":true},"node_modules/@openzeppelin/contracts/token/ERC20/IERC20.sol":{"lastModificationDate":1733161154404,"contentHash":"df36f7051335cd1e748b1b6463b7fdd3","sourceName":"node_modules/@openzeppelin/contracts/token/ERC20/IERC20.sol","imports":[],"versionRequirement":"^0.8.0","artifacts":{"IERC20":{"0.8.28":{"default":{"path":"ERC20/IERC20.sol/IERC20.json","build_id":"0018bf49c3a74215f1ab2d101b92c57c"}}}},"seenByCompiler":true},"node_modules/@uniswap/v3-core/contracts/interfaces/callback/IUniswapV3SwapCallback.sol":{"lastModificationDate":1733161154819,"contentHash":"a8ba2d37b0107911ae0e3b0e123cbd83","sourceName":"node_modules/@uniswap/v3-core/contracts/interfaces/callback/IUniswapV3SwapCallback.sol","imports":[],"versionRequirement":">=0.5.0","artifacts":{"IUniswapV3SwapCallback":{"0.8.28":{"default":{"path":"IUniswapV3SwapCallback.sol/IUniswapV3SwapCallback.json","build_id":"0018bf49c3a74215f1ab2d101b92c57c"}}}},"seenByCompiler":true},"node_modules/@uniswap/v3-periphery/contracts/interfaces/ISwapRouter.sol":{"lastModificationDate":1733161154852,"contentHash":"ffd42687b3db01d30c24213d961fcf9f","sourceName":"node_modules/@uniswap/v3-periphery/contracts/interfaces/ISwapRouter.sol","imports":["node_modules/@uniswap/v3-core/contracts/interfaces/callback/IUniswapV3SwapCallback.sol"],"versionRequirement":">=0.7.5","artifacts":{"ISwapRouter":{"0.8.28":{"default":{"path":"ISwapRouter.sol/ISwapRouter.json","build_id":"0018bf49c3a74215f1ab2d101b92c57c"}}}},"seenByCompiler":true},"node_modules/@uniswap/v3-periphery/contracts/libraries/TransferHelper.sol":{"lastModificationDate":1733161154858,"contentHash":"f0616d1842da6584f8454c9b323d777f","sourceName":"node_modules/@uniswap/v3-periphery/contracts/libraries/TransferHelper.sol","imports":["node_modules/@openzeppelin/contracts/token/ERC20/IERC20.sol"],"versionRequirement":">=0.6.0","artifacts":{"TransferHelper":{"0.8.28":{"default":{"path":"TransferHelper.sol/TransferHelper.json","build_id":"0018bf49c3a74215f1ab2d101b92c57c"}}}},"seenByCompiler":true},"src/HumanResources.sol":{"lastModificationDate":1733162625161,"contentHash":"f8b1ebe530f401832f454d642ee1b84d","sourceName":"src/HumanResources.sol","imports":["node_modules/@chainlink/contracts/src/v0.8/shared/interfaces/AggregatorV3Interface.sol","node_modules/@openzeppelin/contracts/token/ERC20/IERC20.sol","node_modules/@uniswap/v3-core/contracts/interfaces/callback/IUniswapV3SwapCallback.sol","node_modules/@uniswap/v3-periphery/contracts/interfaces/ISwapRouter.sol","node_modules/@uniswap/v3-periphery/contracts/libraries/TransferHelper.sol","src/interfaces/IHumanResources.sol","src/interfaces/IWETH.sol","src/interfaces/ReentrancyGuard.sol"],"versionRequirement":"^0.8.24","artifacts":{"HumanResources":{"0.8.28":{"default":{"path":"HumanResources.sol/HumanResources.json","build_id":"0018bf49c3a74215f1ab2d101b92c57c"}}}},"seenByCompiler":true},"src/interfaces/IChainlinkFeed.sol":{"lastModificationDate":1733068994435,"contentHash":"1d263bc5f70f4211e40146700b43a226","sourceName":"src/interfaces/IChainlinkFeed.sol","imports":[],"versionRequirement":"^0.8.24","artifacts":{"IChainlinkBasePriceFeed":{"0.8.28":{"default":{"path":"IChainlinkFeed.sol/IChainlinkBasePriceFeed.json","build_id":"0018bf49c3a74215f1ab2d101b92c57c"}}},"IChainlinkFeed":{"0.8.28":{"default":{"path":"IChainlinkFeed.sol/IChainlinkFeed.json","build_id":"0018bf49c3a74215f1ab2d101b92c57c"}}}},"seenByCompiler":true},"src/interfaces/IERC20.sol":{"lastModificationDate":1733068994439,"contentHash":"df36f7051335cd1e748b1b6463b7fdd3","sourceName":"src/interfaces/IERC20.sol","imports":[],"versionRequirement":"^0.8.0","artifacts":{"IERC20":{"0.8.28":{"default":{"path":"IERC20.sol/IERC20.json","build_id":"0018bf49c3a74215f1ab2d101b92c57c"}}}},"seenByCompiler":true},"src/interfaces/IHumanResources.sol":{"lastModificationDate":1733054314735,"contentHash":"8130f7117854742fc3c37fea278a66af","sourceName":"src/interfaces/IHumanResources.sol","imports":[],"versionRequirement":"^0.8.24","artifacts":{"IHumanResources":{"0.8.28":{"default":{"path":"IHumanResources.sol/IHumanResources.json","build_id":"0018bf49c3a74215f1ab2d101b92c57c"}}}},"seenByCompiler":true},"src/interfaces/IWETH.sol":{"lastModificationDate":1733161260328,"contentHash":"a830149eb4fa5664a17ec053d41aff1c","sourceName":"src/interfaces/IWETH.sol","imports":[],"versionRequirement":"^0.8.24","artifacts":{"IWETH":{"0.8.28":{"default":{"path":"IWETH.sol/IWETH.json","build_id":"0018bf49c3a74215f1ab2d101b92c57c"}}}},"seenByCompiler":true},"src/interfaces/ReentrancyGuard.sol":{"lastModificationDate":1733162607526,"contentHash":"b2047e583843d2548d211ec3eb24aa41","sourceName":"src/interfaces/ReentrancyGuard.sol","imports":[],"versionRequirement":"^0.8.0","artifacts":{"ReentrancyGuard":{"0.8.28":{"default":{"path":"ReentrancyGuard.sol/ReentrancyGuard.json","build_id":"0018bf49c3a74215f1ab2d101b92c57c"}}}},"seenByCompiler":true},"test/HumanResourcesTests.t.sol.sol":{"lastModificationDate":1733416969800,"contentHash":"796c5e7ae42befbddaebcd57062c82f9","sourceName":"test/HumanResourcesTests.t.sol.sol","imports":["lib/forge-std/src/Base.sol","lib/forge-std/src/StdAssertions.sol","lib/forge-std/src/StdChains.sol","lib/forge-std/src/StdCheats.sol","lib/forge-std/src/StdError.sol","lib/forge-std/src/StdInvariant.sol","lib/forge-std/src/StdJson.sol","lib/forge-std/src/StdMath.sol","lib/forge-std/src/StdStorage.sol","lib/forge-std/src/StdStyle.sol","lib/forge-std/src/StdToml.sol","lib/forge-std/src/StdUtils.sol","lib/forge-std/src/Test.sol","lib/forge-std/src/Vm.sol","lib/forge-std/src/console.sol","lib/forge-std/src/console2.sol","lib/forge-std/src/interfaces/IERC165.sol","lib/forge-std/src/interfaces/IERC20.sol","lib/forge-std/src/interfaces/IERC721.sol","lib/forge-std/src/interfaces/IMulticall3.sol","lib/forge-std/src/mocks/MockERC20.sol","lib/forge-std/src/mocks/MockERC721.sol","lib/forge-std/src/safeconsole.sol","node_modules/@chainlink/contracts/src/v0.8/shared/interfaces/AggregatorV3Interface.sol","node_modules/@openzeppelin/contracts/token/ERC20/IERC20.sol","node_modules/@uniswap/v3-core/contracts/interfaces/callback/IUniswapV3SwapCallback.sol","node_modules/@uniswap/v3-periphery/contracts/interfaces/ISwapRouter.sol","node_modules/@uniswap/v3-periphery/contracts/libraries/TransferHelper.sol","src/HumanResources.sol","src/interfaces/IHumanResources.sol","src/interfaces/IWETH.sol","src/interfaces/ReentrancyGuard.sol"],"versionRequirement":"^0.8.24","artifacts":{"HumanResourcesTest":{"0.8.28":{"default":{"path":"HumanResourcesTests.t.sol.sol/HumanResourcesTest.json","build_id":"da487ce6a3aea390990f2a2d6f6a5c5b"}}}},"seenByCompiler":true}},"builds":["0018bf49c3a74215f1ab2d101b92c57c","da487ce6a3aea390990f2a2d6f6a5c5b"],"profiles":{"default":{"solc":{"optimizer":{"enabled":true,"runs":200},"metadata":{"useLiteralContent":false,"bytecodeHash":"ipfs","appendCBOR":true},"outputSelection":{"*":{"*":["abi","evm.bytecode","evm.deployedBytecode","evm.methodIdentifiers","metadata"]}},"evmVersion":"cancun","viaIR":false,"libraries":{}},"vyper":{"evmVersion":"cancun","outputSelection":{"*":{"*":["abi","evm.bytecode","evm.deployedBytecode"]}}}}}}