{
  "version": 3,
  "id": "f8c91297-5bf7-458e-b8e5-39e9c79d5f2a",
  "address": "9ca9d2d5e04012c9ed24c0e513c9bfaa4a2dd77f",
  "Crypto": {
    "ciphertext": "ee5391a20f42e0b11a0a0824ce5f047bfc4c1391a62184f48952a0ad05deb55b",
    "cipherparams": { "iv": "4a27487d3892df5250fb7d1d9b5c00ac" },
    "cipher": "aes-128-ctr",
    "kdf": "scrypt",
    "kdfparams": {
      "dklen": 32,
      "salt": "1839f222ed3759e0146252e9557f860ffff9575f8b4ba9c6c59ec40904c9580e",
      "n": 1024,
      "r": 8,
      "p": 1
    },
    "mac": "c7099685c6903529d9e6abf356c59ee9ae70cc9365b2b700ad183671c5009058"
  }
}
