{
  "address": "b90c7e3f7815f59ead74e7543eb6d9e8538455d6",
  "crypto": {
    "cipher": "aes-128-ctr",
    "ciphertext": "e83fe14bcf9197de06d84800c1a76db3945da0e323ec6357d6495581f693b43f",
    "cipherparams": { "iv": "4965208fc86af075261bcea2940f3988" },
    "kdf": "scrypt",
    "kdfparams": {
      "dklen": 32,
      "n": 262144,
      "p": 1,
      "r": 8,
      "salt": "cc07e486400e4b8c86db9b142aeff9151ba214fc1b15cacb3925829e20f6443f"
    },
    "mac": "cab6f449ac715b59f7be31ffe96f9f712e3fb442e0cde619d9cddbe44fa44119"
  },
  "id": "bf6687ea-3758-4130-843c-b1d16c1be38b",
  "version": 3
}
